Precision,Recall,F1 Score,mAP5
0.9946236559139785,0.9944444444444445,0.9944429008057795,0.16666666666666666
